index,sequence,robotz,exposure,blur
0001,0,817,5,2445
0001,1,1002,5,1892
0001,2,1203,5,1374
0001,3,1416,5,1062
0001,4,1610,5,1081
0002,0,814,5,4128
0002,1,1040,5,4414
0002,2,1202,5,4285
0003,0,844,5,2553
0003,1,1024,5,2028
0003,2,1217,5,1846
0003,3,1416,5,1682
0004,0,830,5,3017
0004,1,1012,5,2881
0004,2,1210,5,2995
0004,3,1416,5,5777
0005,0,816,5,2545
0005,1,1002,5,1521
0005,2,1203,5,1513
0005,3,1416,5,1535
0005,4,1604,5,2210
0006,0,831,5,2617
0006,1,1013,5,2753
0006,2,1210,5,4021
0006,3,1411,5,3684
0007,0,816,5,2795
0007,1,1042,5,2369
0007,2,1203,5,2306
0007,3,1416,5,4944
0007,4,1606,5,4873
0008,0,821,5,3317
0008,1,1005,5,3244
0008,2,1205,5,3607
0008,3,1403,5,4813
0009,0,830,5,2444
0009,1,1052,5,2142
0009,2,1210,5,1416
0009,3,1424,5,1262
0009,4,1610,5,1092
0010,0,804,10,2427
0010,1,1032,10,2104
0010,2,1222,10,1982
0010,3,1409,10,1153
0011,0,818,10,2179
0011,1,1003,10,1388
0011,2,1229,10,880
0011,3,1448,10,761
0011,4,1601,10,2300
0012,0,811,10,2448
0012,1,1037,10,1624
0012,2,1225,10,2100
0012,3,1401,10,2497
0013,0,803,10,2296
0013,1,1031,10,2074
0013,2,1221,10,1576
0013,3,1408,10,2972
0014,0,849,10,1694
0014,1,1028,10,1470
0014,2,1219,10,1082
0014,3,1402,10,1132
0014,4,1628,10,1371
0015,0,816,10,2143
0015,1,1001,10,1933
0015,2,1203,10,2306
0015,3,1410,10,2357
0016,0,834,10,1862
0016,1,1016,10,1418
0016,2,1212,10,1068
0016,3,1421,10,737
0017,0,839,10,2763
0017,1,1020,10,2551
0017,2,1214,10,3213
0017,3,1405,10,2774
0018,0,817,10,2100
0018,1,1002,10,1265
0018,2,1203,10,692
0018,3,1409,10,1301
0019,0,850,10,2075
0019,1,1028,10,1521
0019,2,1219,10,1543
0019,3,1422,10,767
0020,0,806,15,1613
0020,1,1072,15,1427
0020,2,1223,15,2037
0020,3,1403,15,1794
0021,0,824,15,1496
0021,1,1008,15,1379
0021,2,1207,15,1358
0021,3,1422,15,2501
0022,0,816,15,1180
0022,1,1002,15,863
0022,2,1203,15,546
0022,3,1416,15,539
0022,4,1610,15,331
0023,0,812,15,1486
0023,1,1038,15,907
0023,2,1226,15,679
0023,3,1404,15,1227
0024,0,899,15,1210
0024,1,1029,15,940
0024,2,1220,15,943
0024,3,1405,15,1923
0025,0,889,15,1263
0025,1,1021,15,1169
0025,2,1215,15,1472
0025,3,1414,15,1645
0026,0,819,15,1233
0026,1,1004,15,918
0026,2,1204,15,1748
0026,3,1411,15,866
0027,0,815,15,1732
0027,1,1040,15,1339
0027,2,1202,15,1328
0027,3,1416,15,1245
0028,0,811,15,1149
0028,1,1038,15,1075
0028,2,1225,15,1400
0028,3,1411,15,2025
0029,0,842,15,1473
0029,1,1022,15,1066
0029,2,1216,15,844
0029,3,1402,15,493
0029,4,1613,15,783
0030,0,846,20,784
0030,1,1025,20,793
0030,2,1218,20,992
0030,3,1405,20,731
0031,0,816,20,973
0031,1,1002,20,891
0031,2,1203,20,714
0031,3,1416,20,1200
0032,0,830,20,1030
0032,1,1013,20,751
0032,2,1210,20,768
0032,3,1424,20,377
0032,4,1606,20,1027
0033,0,807,20,931
0033,1,1035,20,672
0033,2,1246,20,684
0033,3,1440,20,458
0033,4,1601,20,414
0034,0,818,20,898
0034,1,1003,20,463
0034,2,1204,20,286
0034,3,1416,20,513
0034,4,1610,20,434
0035,0,825,20,700
0035,1,1008,20,577
0035,2,1207,20,623
0035,3,1424,20,517
0035,4,1608,20,378
0036,0,840,20,909
0036,1,1021,20,527
0036,2,1215,20,383
0036,3,1402,20,599
0037,0,840,20,882
0037,1,1021,20,771
0037,2,1215,20,634
0037,3,1402,20,801
0038,0,839,20,1100
0038,1,1020,20,1062
0038,2,1214,20,1153
0038,3,1416,20,1266
0039,0,842,20,802
0039,1,1023,20,655
0039,2,1216,20,665
0039,3,1402,20,560
0039,4,1628,20,636
0040,0,832,25,703
0040,1,1014,25,626
0040,2,1211,25,730
0040,3,1405,25,742
0041,0,814,25,784
0041,1,1040,25,671
0041,2,1202,25,707
0041,3,1416,25,445
0042,0,829,25,811
0042,1,1012,25,533
0042,2,1210,25,529
0042,3,1415,25,372
0043,0,815,25,795
0043,1,1001,25,597
0043,2,1202,25,404
0043,3,1416,25,315
0044,0,895,25,989
0044,1,1026,25,792
0044,2,1241,25,1006
0044,3,1418,25,1064
0045,0,900,25,709
0045,1,1030,25,510
0045,2,1220,25,576
0045,3,1409,25,1028
0045,4,1601,25,991
0046,0,835,25,1094
0046,1,1017,25,670
0046,2,1213,25,728
0046,3,1424,25,646
0047,0,821,25,810
0047,1,1006,25,678
0047,2,1206,25,534
0047,3,1448,25,362
0047,4,1610,25,381
0048,0,826,25,999
0048,1,1009,25,716
0048,2,1208,25,764
0048,3,1401,25,1195
0049,0,839,25,891
0049,1,1020,25,619
0049,2,1238,25,592
0049,3,1431,25,1377
0050,0,845,30,753
0050,1,1025,30,526
0050,2,1217,30,334
0050,3,1402,30,329
0050,4,1619,30,437
0051,0,842,30,539
0051,1,1022,30,408
0051,2,1216,30,330
0051,3,1402,30,681
0051,4,1623,30,521
0052,0,831,30,857
0052,1,1014,30,761
0052,2,1211,30,581
0052,3,1424,30,1027
0052,4,1606,30,1028
0053,0,804,30,660
0053,1,1032,30,687
0053,2,1222,30,793
0053,3,1420,30,710
0054,0,815,30,657
0054,1,1001,30,572
0054,2,1202,30,705
0054,3,1422,30,751
0055,0,844,30,680
0055,1,1023,30,882
0055,2,1217,30,973
0056,0,830,30,723
0056,1,1013,30,557
0056,2,1210,30,506
0056,3,1403,30,431
0057,0,832,30,824
0057,1,1014,30,671
0057,2,1211,30,832
0057,3,1405,30,843
0058,0,830,30,670
0058,1,1013,30,463
0058,2,1210,30,458
0058,3,1424,30,1635
0058,4,1615,30,1127
0059,0,809,30,651
0059,1,1036,30,338
0059,2,1224,30,224
0059,3,1409,30,256
0059,4,1602,30,656
0060,0,835,35,630
0060,1,1016,35,641
0060,2,1212,35,770
0060,3,1432,35,739
0061,0,839,35,673
0061,1,1019,35,456
0061,2,1214,35,535
0061,3,1418,35,569
0062,0,890,35,624
0062,1,1060,35,524
0062,2,1215,35,571
0062,3,1402,35,287
0062,4,1624,35,647
0063,0,828,35,593
0063,1,1011,35,421
0063,2,1209,35,237
0063,3,1424,35,1019
0063,4,1604,35,568
0064,0,808,35,638
0064,1,1073,35,663
0064,2,1224,35,727
0065,0,807,35,674
0065,1,1035,35,566
0065,2,1223,35,831
0065,3,1402,35,623
0066,0,826,35,657
0066,1,1010,35,652
0066,2,1208,35,767
0066,3,1421,35,696
0067,0,887,35,638
0067,1,1019,35,511
0067,2,1214,35,382
0067,3,1402,35,397
0067,4,1628,35,650
0068,0,812,35,658
0068,1,1039,35,779
0068,2,1201,35,837
0069,0,815,35,654
0069,1,1001,35,548
0069,2,1203,35,400
0069,3,1415,35,535
0070,0,821,40,607
0070,1,1005,40,424
0070,2,1205,40,537
0070,3,1421,40,563
0071,0,834,40,658
0071,1,1016,40,634
0071,2,1212,40,517
0071,3,1407,40,426
0072,0,802,40,607
0072,1,1031,40,496
0072,2,1221,40,527
0072,3,1415,40,447
0073,0,814,40,527
0073,1,1040,40,536
0073,2,1202,40,579
0073,3,1416,40,576
0073,4,1642,40,654
0074,0,894,40,579
0074,1,1025,40,409
0074,2,1218,40,346
0074,3,1402,40,1410
0075,0,830,40,519
0075,1,1012,40,285
0075,2,1234,40,206
0075,3,1423,40,263
0076,0,843,40,315
0076,1,1023,40,251
0076,2,1216,40,324
0076,3,1419,40,137
0077,0,848,40,542
0077,1,1027,40,314
0077,2,1219,40,225
0077,3,1426,40,183
0078,0,817,40,509
0078,1,1003,40,351
0078,2,1204,40,303
0078,3,1416,40,502
0079,0,851,40,643
0079,1,1030,40,550
0079,2,1220,40,641
0079,3,1410,40,605
0080,0,836,45,549
0080,1,1017,45,408
0080,2,1213,45,342
0080,3,1424,45,315
0080,4,1608,45,342
0081,0,844,45,628
0081,1,1024,45,654
0081,2,1240,45,723
0082,0,842,45,331
0082,1,1022,45,287
0082,2,1216,45,346
0082,3,1402,45,383
0083,0,801,45,475
0083,1,1030,45,392
0083,2,1221,45,314
0083,3,1418,45,242
0084,0,824,45,582
0084,1,1008,45,523
0084,2,1207,45,632
0084,3,1411,45,499
0085,0,822,45,453
0085,1,1046,45,364
0085,2,1206,45,251
0085,3,1415,45,384
0086,0,804,45,526
0086,1,1033,45,365
0086,2,1222,45,432
0086,3,1404,45,679
0087,0,829,45,432
0087,1,1012,45,341
0087,2,1209,45,334
0087,3,1423,45,305
0088,0,839,45,505
0088,1,1020,45,349
0088,2,1214,45,714
0088,3,1402,45,579
0088,4,1601,45,605
0089,0,849,45,527
0089,1,1028,45,453
0089,2,1219,45,332
0089,3,1402,45,267
0090,0,827,50,465
0090,1,1050,50,339
0090,2,1209,50,251
0090,3,1422,50,204
0091,0,848,50,603
0091,1,1027,50,640
0091,2,1219,50,701
0092,0,804,50,396
0092,1,1032,50,179
0092,2,1222,50,99
0092,3,1409,50,773
0093,0,835,50,409
0093,1,1017,50,334
0093,2,1213,50,258
0093,3,1412,50,394
0094,0,846,50,543
0094,1,1025,50,455
0094,2,1218,50,433
0094,3,1402,50,515
0094,4,1601,50,300
0095,0,823,50,627
0095,1,1007,50,659
0095,2,1206,50,712
0096,0,859,50,598
0096,1,1036,50,674
0096,2,1224,50,691
0097,0,836,50,598
0097,1,1018,50,550
0097,2,1213,50,483
0097,3,1415,50,581
0098,0,841,50,457
0098,1,1022,50,430
0098,2,1216,50,296
0098,3,1402,50,347
0099,0,812,50,577
0099,1,1004,50,330
0099,2,1212,50,217
0099,3,1421,50,315
0100,0,824,55,460
0100,1,1008,55,425
0100,2,1207,55,328
0100,3,1418,55,202
0101,0,835,55,442
0101,1,1016,55,368
0101,2,1212,55,339
0101,3,1424,55,159
0101,4,1619,55,118
0102,0,819,55,444
0102,1,1004,55,332
0102,2,1204,55,357
0102,3,1415,55,477
0103,0,826,55,407
0103,1,1010,55,347
0103,2,1208,55,292
0103,3,1424,55,334
0104,0,818,55,496
0104,1,1003,55,320
0104,2,1204,55,342
0104,3,1416,55,587
0105,0,834,55,464
0105,1,1016,55,327
0105,2,1212,55,426
0105,3,1405,55,390
0106,0,801,55,446
0106,1,1068,55,401
0106,2,1221,55,362
0106,3,1414,55,428
0107,0,834,55,417
0107,1,1016,55,349
0107,2,1212,55,275
0107,3,1442,55,751
0108,0,822,55,379
0108,1,1007,55,250
0108,2,1206,55,227
0108,3,1405,55,219
0109,0,823,55,479
0109,1,1007,55,258
0109,2,1207,55,414
0109,3,1416,55,772
0110,0,812,60,378
0110,1,1038,60,211
0110,2,1201,60,369
0110,3,1415,60,210
0111,0,831,60,442
0111,1,1013,60,404
0111,2,1210,60,437
0111,3,1424,60,309
0111,4,1619,60,309
0112,0,836,60,427
0112,1,1017,60,322
0112,2,1213,60,247
0112,3,1424,60,259
0112,4,1615,60,225
0113,0,811,60,344
0113,1,1038,60,363
0113,2,1201,60,417
0113,3,1416,60,853
0114,0,850,60,463
0114,1,1029,60,585
0114,2,1220,60,616
0115,0,830,60,488
0115,1,1013,60,558
0115,2,1210,60,452
0115,3,1401,60,332
0116,0,825,60,389
0116,1,1009,60,395
0116,2,1207,60,382
0116,3,1424,60,228
0116,4,1619,60,245
0117,0,842,60,493
0117,1,1022,60,332
0117,2,1216,60,346
0117,3,1431,60,190
0118,0,850,60,460
0118,1,1029,60,227
0118,2,1220,60,191
0118,3,1409,60,584
0119,0,850,60,395
0119,1,1029,60,259
0119,2,1220,60,225
0119,3,1409,60,231
0119,4,1601,60,246
0120,0,855,65,413
0120,1,1033,65,411
0120,2,1222,65,477
0120,3,1406,65,429
0121,0,836,65,332
0121,1,1017,65,274
0121,2,1213,65,268
0121,3,1429,65,313
0122,0,831,65,390
0122,1,1014,65,333
0122,2,1211,65,275
0122,3,1409,65,188
0123,0,805,65,332
0123,1,1033,65,299
0123,2,1222,65,226
0123,3,1401,65,194
0124,0,824,65,357
0124,1,1008,65,346
0124,2,1207,65,374
0124,3,1411,65,347
0125,0,843,65,332
0125,1,1023,65,260
0125,2,1216,65,228
0125,3,1402,65,176
0125,4,1628,65,194
0126,0,803,65,341
0126,1,1032,65,285
0126,2,1222,65,315
0126,3,1415,65,346
0127,0,841,65,432
0127,1,1021,65,344
0127,2,1215,65,317
0127,3,1401,65,264
0128,0,807,65,525
0128,1,1015,65,426
0128,2,1207,65,450
0128,3,1421,65,394
0129,0,826,65,410
0129,1,1010,65,363
0129,2,1208,65,432
0129,3,1416,65,300
0130,0,839,70,391
0130,1,1020,70,385
0130,2,1214,70,446
0130,3,1421,70,440
0131,0,843,70,359
0131,1,1023,70,295
0131,2,1216,70,267
0131,3,1402,70,105
0131,4,1628,70,196
0132,0,818,70,268
0132,1,1003,70,187
0132,2,1204,70,173
0132,3,1416,70,177
0133,0,830,70,326
0133,1,1013,70,277
0133,2,1210,70,210
0133,3,1402,70,280
0134,0,827,70,335
0134,1,1050,70,221
0134,2,1208,70,143
0134,3,1424,70,133
0134,4,1619,70,312
0135,0,846,70,342
0135,1,1025,70,314
0135,2,1218,70,250
0135,3,1431,70,115
0135,4,1619,70,155
0136,0,814,70,402
0136,1,1040,70,296
0136,2,1202,70,220
0136,3,1416,70,335
0137,0,823,70,332
0137,1,1007,70,309
0137,2,1207,70,274
0137,3,1416,70,357
0137,4,1628,70,414
0138,0,829,70,420
0138,1,1012,70,326
0138,2,1209,70,292
0138,3,1411,70,314
0139,0,848,70,205
0139,1,1027,70,184
0139,2,1219,70,181
0139,3,1402,70,173
0139,4,1628,70,130
0140,0,827,75,359
0140,1,1011,75,335
0140,2,1209,75,310
0140,3,1414,75,356
0141,0,803,75,388
0141,1,1031,75,413
0141,2,1221,75,440
0141,3,1412,75,434
0142,0,849,75,354
0142,1,1028,75,313
0142,2,1219,75,409
0142,3,1416,75,350
0143,0,825,75,375
0143,1,1009,75,404
0143,2,1207,75,457
0144,0,845,75,447
0144,1,1024,75,389
0144,2,1217,75,278
0144,3,1402,75,353
0145,0,899,75,299
0145,1,1029,75,249
0145,2,1220,75,252
0145,3,1409,75,293
0146,0,802,75,357
0146,1,1031,75,226
0146,2,1221,75,274
0146,3,1410,75,205
0147,0,850,75,364
0147,1,1028,75,278
0147,2,1219,75,330
0147,3,1401,75,272
0148,0,835,75,325
0148,1,1017,75,294
0148,2,1212,75,223
0148,3,1424,75,352
0149,0,805,75,337
0149,1,1033,75,383
0149,2,1223,75,408
0150,0,846,80,380
0150,1,1026,80,144
0150,2,1218,80,190
0150,3,1402,80,311
0151,0,812,80,274
0151,1,1038,80,315
0151,2,1201,80,327
0151,3,1448,80,313
0152,0,818,80,344
0152,1,1003,80,291
0152,2,1204,80,327
0152,3,1421,80,364
0153,0,837,80,335
0153,1,1018,80,299
0153,2,1213,80,231
0153,3,1402,80,409
0153,4,1607,80,388
0154,0,826,80,350
0154,1,1009,80,260
0154,2,1208,80,158
0154,3,1408,80,330
0155,0,845,80,313
0155,1,1025,80,225
0155,2,1217,80,179
0155,3,1402,80,251
0156,0,801,80,315
0156,1,1030,80,354
0156,2,1221,80,397
0157,0,808,80,318
0157,1,1036,80,291
0157,2,1224,80,267
0157,3,1409,80,354
0158,0,814,80,294
0158,1,1040,80,239
0158,2,1202,80,283
0158,3,1412,80,268
0159,0,830,80,287
0159,1,1012,80,245
0159,2,1210,80,269
0159,3,1416,80,361
0160,0,814,85,304
0160,1,1040,85,224
0160,2,1202,85,200
0160,3,1416,85,197
0160,4,1645,85,244
0161,0,803,85,264
0161,1,1012,85,288
0161,2,1209,85,319
0161,3,1432,85,317
0162,0,820,85,275
0162,1,1005,85,263
0162,2,1229,85,239
0162,3,1406,85,173
0163,0,830,85,269
0163,1,1012,85,298
0163,2,1210,85,351
0164,0,835,85,316
0164,1,1017,85,237
0164,2,1236,85,211
0164,3,1436,85,257
0165,0,831,85,264
0165,1,1013,85,305
0165,2,1210,85,178
0165,3,1424,85,758
0165,4,1601,85,149
0166,0,823,85,279
0166,1,1007,85,172
0166,2,1206,85,196
0166,3,1422,85,158
0167,0,877,85,298
0167,1,1010,85,250
0167,2,1208,85,241
0167,3,1424,85,198
0167,4,1619,85,137
0168,0,813,85,305
0168,1,1039,85,256
0168,2,1201,85,223
0168,3,1416,85,191
0168,4,1608,85,200
0169,0,830,85,273
0169,1,1012,85,247
0169,2,1210,85,292
0169,3,1418,85,222
0170,0,812,90,253
0170,1,1038,90,213
0170,2,1201,90,175
0170,3,1408,90,152
0171,0,842,90,267
0171,1,1023,90,248
0171,2,1216,90,241
0171,3,1421,90,229
0172,0,837,90,342
0172,1,1018,90,195
0172,2,1213,90,176
0172,3,1402,90,195
0173,0,828,90,301
0173,1,1011,90,263
0173,2,1209,90,277
0173,3,1423,90,352
0174,0,831,90,346
0174,1,1014,90,267
0174,2,1210,90,260
0174,3,1424,90,290
0175,0,867,90,229
0175,1,1002,90,178
0175,2,1203,90,233
0175,3,1415,90,206
0176,0,831,90,279
0176,1,1013,90,182
0176,2,1210,90,206
0176,3,1409,90,250
0177,0,839,90,259
0177,1,1020,90,289
0177,2,1214,90,222
0177,3,1416,90,199
0177,4,1610,90,151
0178,0,848,90,261
0178,1,1027,90,257
0178,2,1242,90,323
0178,3,1422,90,216
0179,0,821,90,290
0179,1,1006,90,287
0179,2,1206,90,225
0179,3,1416,90,219
0180,0,835,95,279
0180,1,1017,95,226
0180,2,1213,95,226
0180,3,1424,95,252
0180,4,1618,95,235
0181,0,837,95,327
0181,1,1019,95,210
0181,2,1214,95,261
0181,3,1422,95,248
0182,0,839,95,323
0182,1,1020,95,263
0182,2,1214,95,236
0182,3,1402,95,328
0183,0,897,95,298
0183,1,1027,95,253
0183,2,1219,95,262
0183,3,1402,95,319
0184,0,813,95,256
0184,1,1039,95,231
0184,2,1201,95,218
0184,3,1418,95,219
0185,0,842,95,292
0185,1,1022,95,229
0185,2,1239,95,273
0185,3,1407,95,269
0186,0,831,95,242
0186,1,1014,95,202
0186,2,1210,95,230
0186,3,1424,95,248
0186,4,1618,95,285
0187,0,809,95,287
0187,1,1036,95,257
0187,2,1224,95,259
0187,3,1414,95,259
0188,0,822,95,253
0188,1,1006,95,212
0188,2,1206,95,200
0188,3,1447,95,192
0189,0,818,95,366
0189,1,1003,95,390
0189,2,1204,95,460
0189,3,1416,95,413
0190,0,840,100,308
0190,1,1020,100,203
0190,2,1215,100,254
0190,3,1402,100,186
0191,0,836,100,213
0191,1,1018,100,221
0191,2,1213,100,231
0191,3,1426,100,280
0192,0,827,100,277
0192,1,1010,100,223
0192,2,1208,100,225
0192,3,1424,100,301
0193,0,850,100,277
0193,1,1028,100,215
0193,2,1220,100,201
0193,3,1409,100,150
0193,4,1630,100,222
0194,0,841,100,279
0194,1,1022,100,256
0194,2,1216,100,262
0194,3,1420,100,261
0195,0,812,100,278
0195,1,1038,100,209
0195,2,1201,100,198
0195,3,1421,100,189
0196,0,811,100,292
0196,1,1075,100,265
0196,2,1225,100,229
0196,3,1409,100,278
0196,4,1601,100,286
0197,0,833,100,323
0197,1,1015,100,272
0197,2,1212,100,220
0197,3,1403,100,261
0198,0,818,100,285
0198,1,1003,100,208
0198,2,1228,100,278
0198,3,1405,100,257
0199,0,828,100,300
0199,1,1011,100,277
0199,2,1209,100,287
0199,3,1457,100,168
0199,4,1619,100,186
0200,0,822,105,257
0200,1,1046,105,227
0200,2,1206,105,229
0200,3,1408,105,219
0201,0,835,105,246
0201,1,1017,105,248
0201,2,1213,105,215
0201,3,1416,105,240
0202,0,804,105,195
0202,1,1032,105,223
0202,2,1222,105,200
0202,3,1416,105,187
0203,0,845,105,255
0203,1,1025,105,206
0203,2,1217,105,194
0203,3,1402,105,187
0203,4,1628,105,236
0204,0,824,105,212
0204,1,1008,105,256
0204,2,1207,105,289
0205,0,880,105,267
0205,1,1013,105,282
0205,2,1210,105,213
0205,3,1411,105,208
0206,0,853,105,213
0206,1,1031,105,190
0206,2,1221,105,204
0206,3,1412,105,168
0207,0,830,105,227
0207,1,1013,105,268
0207,2,1210,105,305
0208,0,834,105,265
0208,1,1016,105,252
0208,2,1212,105,202
0208,3,1406,105,260
0209,0,843,105,270
0209,1,1023,105,251
0209,2,1216,105,209
0209,3,1411,105,219
0210,0,805,110,244
0210,1,1034,110,243
0210,2,1245,110,149
0210,3,1409,110,221
0210,4,1602,110,197
0211,0,841,110,214
0211,1,1021,110,261
0211,2,1215,110,296
0212,0,845,110,317
0212,1,1025,110,231
0212,2,1217,110,249
0212,3,1402,110,179
0213,0,836,110,287
0213,1,1017,110,320
0213,2,1213,110,253
0213,3,1415,110,195
0214,0,842,110,299
0214,1,1023,110,257
0214,2,1216,110,256
0214,3,1402,110,250
0215,0,831,110,293
0215,1,1013,110,206
0215,2,1210,110,200
0215,3,1402,110,273
0216,0,828,110,281
0216,1,1011,110,245
0216,2,1209,110,156
0216,3,1424,110,244
0216,4,1603,110,176
0217,0,834,110,174
0217,1,1016,110,160
0217,2,1212,110,118
0217,3,1424,110,211
0217,4,1619,110,292
0218,0,839,110,214
0218,1,1020,110,176
0218,2,1214,110,189
0218,3,1411,110,233
0219,0,830,110,260
0219,1,1013,110,182
0219,2,1210,110,221
0219,3,1433,110,216
0220,0,850,115,257
0220,1,1028,115,226
0220,2,1220,115,196
0220,3,1412,115,204
0221,0,835,115,256
0221,1,1017,115,203
0221,2,1213,115,184
0221,3,1411,115,206
0222,0,820,115,267
0222,1,1005,115,215
0222,2,1205,115,269
0222,3,1418,115,210
0223,0,887,115,250
0223,1,1019,115,187
0223,2,1214,115,129
0223,3,1402,115,195
0223,4,1628,115,146
0224,0,840,115,283
0224,1,1021,115,249
0224,2,1215,115,228
0224,3,1405,115,230
0225,0,833,115,262
0225,1,1015,115,256
0225,2,1212,115,250
0225,3,1405,115,223
0226,0,847,115,285
0226,1,1026,115,244
0226,2,1218,115,250
0226,3,1402,115,167
0226,4,1628,115,148
0227,0,835,115,248
0227,1,1017,115,241
0227,2,1212,115,327
0227,3,1419,115,224
0228,0,823,115,263
0228,1,1007,115,251
0228,2,1206,115,177
0228,3,1416,115,219
0228,4,1610,115,209
0229,0,843,115,270
0229,1,1023,115,239
0229,2,1216,115,224
0229,3,1402,115,242
0230,0,831,120,292
0230,1,1014,120,241
0230,2,1210,120,204
0230,3,1419,120,341
0231,0,832,120,250
0231,1,1014,120,311
0231,2,1211,120,340
0232,0,819,120,238
0232,1,1044,120,311
0232,2,1204,120,328
0233,0,844,120,294
0233,1,1024,120,294
0233,2,1217,120,269
0233,3,1402,120,264
0234,0,807,120,218
0234,1,1035,120,271
0234,2,1224,120,304
0235,0,848,120,277
0235,1,1027,120,225
0235,2,1219,120,240
0235,3,1413,120,250
0236,0,834,120,218
0236,1,1016,120,234
0236,2,1212,120,190
0236,3,1416,120,236
0237,0,820,120,215
0237,1,1004,120,263
0237,2,1229,120,297
0238,0,808,120,276
0238,1,1036,120,281
0238,2,1224,120,327
0238,3,1409,120,203
0239,0,837,120,321
0239,1,1018,120,304
0239,2,1213,120,246
0239,3,1402,120,173
0239,4,1655,120,263
0240,0,801,125,289
0240,1,1030,125,253
0240,2,1221,125,223
0240,3,1415,125,276
0241,0,838,125,289
0241,1,1019,125,288
0241,2,1214,125,278
0241,3,1402,125,181
0242,0,825,125,227
0242,1,1009,125,178
0242,2,1207,125,233
0242,3,1424,125,257
0243,0,815,125,240
0243,1,1040,125,230
0243,2,1202,125,276
0243,3,1408,125,329
0244,0,814,125,194
0244,1,1040,125,170
0244,2,1202,125,235
0244,3,1416,125,236
0244,4,1610,125,213
0245,0,843,125,274
0245,1,1023,125,239
0245,2,1216,125,264
0245,3,1402,125,295
0245,4,1619,125,307
0246,0,835,125,245
0246,1,1017,125,212
0246,2,1212,125,237
0246,3,1413,125,558
0247,0,847,125,249
0247,1,1026,125,229
0247,2,1218,125,258
0247,3,1431,125,186
0247,4,1627,125,189
0248,0,809,125,239
0248,1,1036,125,210
0248,2,1225,125,204
0248,3,1407,125,659
0249,0,811,125,218
0249,1,1037,125,203
0249,2,1225,125,196
0249,3,1411,125,188
0250,0,845,130,205
0250,1,1025,130,189
0250,2,1217,130,220
0250,3,1401,130,539
0251,0,875,130,223
0251,1,1009,130,182
0251,2,1208,130,162
0251,3,1424,130,279
0252,0,838,130,236
0252,1,1019,130,207
0252,2,1214,130,205
0252,3,1402,130,225
0253,0,817,130,244
0253,1,1002,130,243
0253,2,1203,130,293
0253,3,1405,130,281
0254,0,835,130,225
0254,1,1017,130,208
0254,2,1212,130,178
0254,3,1455,130,246
0255,0,801,130,249
0255,1,1030,130,245
0255,2,1221,130,238
0255,3,1413,130,228
0256,0,821,130,263
0256,1,1006,130,271
0256,2,1206,130,321
0256,3,1421,130,312
0257,0,815,130,257
0257,1,1040,130,254
0257,2,1202,130,273
0257,3,1405,130,266
0258,0,810,130,174
0258,1,1037,130,155
0258,2,1225,130,224
0258,3,1409,130,206
0258,4,1601,130,295
0259,0,840,130,188
0259,1,1021,130,140
0259,2,1215,130,137
0259,3,1402,130,214
0259,4,1625,130,212
0260,0,825,135,255
0260,1,1009,135,219
0260,2,1208,135,268
0260,3,1418,135,240
0261,0,824,135,270
0261,1,1047,135,204
0261,2,1207,135,287
0261,3,1406,135,228
0262,0,815,135,243
0262,1,1001,135,200
0262,2,1202,135,164
0262,3,1401,135,210
0263,0,821,135,247
0263,1,1045,135,219
0263,2,1205,135,240
0263,3,1409,135,263
0264,0,836,135,238
0264,1,1017,135,222
0264,2,1236,135,239
0264,3,1451,135,139
0265,0,804,135,239
0265,1,1032,135,167
0265,2,1222,135,233
0265,3,1406,135,255
0266,0,844,135,260
0266,1,1024,135,281
0266,2,1217,135,351
0266,3,1416,135,312
0267,0,847,135,233
0267,1,1026,135,188
0267,2,1218,135,165
0267,3,1417,135,213
0268,0,820,135,261
0268,1,1005,135,230
0268,2,1205,135,240
0268,3,1415,135,279
0269,0,817,135,204
0269,1,1002,135,147
0269,2,1203,135,1830
0269,3,1403,135,221
0270,0,838,140,300
0270,1,1019,140,245
0270,2,1214,140,212
0270,3,1423,140,306
0271,0,822,140,227
0271,1,1006,140,226
0271,2,1206,140,241
0271,3,1416,140,213
0271,4,1610,140,160
0272,0,826,140,239
0272,1,1009,140,227
0272,2,1208,140,253
0272,3,1421,140,267
0273,0,830,140,266
0273,1,1013,140,203
0273,2,1210,140,154
0273,3,1424,140,241
0273,4,1618,140,215
0274,0,819,140,234
0274,1,1004,140,227
0274,2,1205,140,334
0274,3,1418,140,234
0275,0,836,140,192
0275,1,1017,140,153
0275,2,1213,140,174
0275,3,1424,140,165
0275,4,1611,140,167
0276,0,814,140,193
0276,1,1040,140,218
0276,2,1202,140,254
0276,3,1406,140,178
0277,0,848,140,238
0277,1,1027,140,204
0277,2,1219,140,213
0277,3,1421,140,221
0278,0,848,140,186
0278,1,1027,140,288
0278,2,1219,140,516
0278,3,1402,140,203
0279,0,816,140,157
0279,1,1001,140,167
0279,2,1203,140,114
0279,3,1410,140,195
0280,0,828,145,206
0280,1,1011,145,199
0280,2,1209,145,206
0280,3,1403,145,232
0281,0,811,145,180
0281,1,1037,145,213
0281,2,1225,145,196
0281,3,1409,145,219
0281,4,1601,145,145
0282,0,839,145,219
0282,1,1020,145,173
0282,2,1215,145,181
0282,3,1412,145,199
0283,0,833,145,222
0283,1,1015,145,194
0283,2,1211,145,183
0283,3,1424,145,224
0283,4,1619,145,209
0284,0,806,145,219
0284,1,1034,145,208
0284,2,1223,145,179
0284,3,1409,145,183
0284,4,1617,145,233
0285,0,826,145,186
0285,1,1009,145,195
0285,2,1208,145,212
0285,3,1406,145,176
0286,0,835,145,233
0286,1,1017,145,204
0286,2,1236,145,203
0286,3,1409,145,226
0287,0,831,145,195
0287,1,1052,145,153
0287,2,1210,145,244
0287,3,1421,145,276
0288,0,828,145,230
0288,1,1011,145,195
0288,2,1209,145,187
0288,3,1405,145,231
0289,0,815,145,172
0289,1,1001,145,182
0289,2,1202,145,285
0289,3,1416,145,130
0289,4,1608,145,339
0290,0,872,150,183
0290,1,1006,150,157
0290,2,1206,150,125
0290,3,1416,150,158
0290,4,1605,150,210
0291,0,809,150,206
0291,1,1036,150,179
0291,2,1224,150,205
0291,3,1402,150,383
0292,0,894,150,186
0292,1,1025,150,167
0292,2,1217,150,160
0292,3,1406,150,221
0293,0,848,150,239
0293,1,1027,150,233
0293,2,1219,150,312
0293,3,1416,150,231
0294,0,814,150,218
0294,1,1040,150,201
0294,2,1227,150,217
0294,3,1448,150,222
0294,4,1610,150,361
0295,0,848,150,259
0295,1,1027,150,247
0295,2,1219,150,300
0295,3,1402,150,287
0295,4,1603,150,274
0296,0,822,150,253
0296,1,1006,150,206
0296,2,1206,150,347
0296,3,1416,150,358
0297,0,834,150,273
0297,1,1016,150,304
0297,2,1212,150,340
0297,3,1411,150,314
0298,0,848,150,195
0298,1,1027,150,199
0298,2,1219,150,235
0298,3,1421,150,226
0299,0,803,150,244
0299,1,1032,150,240
0299,2,1222,150,304
0299,3,1406,150,243
0300,0,845,155,242
0300,1,1024,155,322
0300,2,1217,155,329
0300,3,1411,155,282
0301,0,818,155,209
0301,1,1003,155,160
0301,2,1204,155,140
0301,3,1401,155,222
0302,0,832,155,235
0302,1,1014,155,234
0302,2,1211,155,176
0302,3,1424,155,225
0302,4,1612,155,216
0303,0,820,155,230
0303,1,1005,155,209
0303,2,1205,155,261
0303,3,1410,155,216
0304,0,840,155,270
0304,1,1021,155,210
0304,2,1215,155,232
0304,3,1422,155,266
0305,0,844,155,230
0305,1,1024,155,225
0305,2,1217,155,332
0305,3,1401,155,296
0306,0,830,155,227
0306,1,1013,155,286
0306,2,1210,155,312
0307,0,829,155,262
0307,1,1012,155,216
0307,2,1209,155,243
0307,3,1441,155,266
0308,0,831,155,259
0308,1,1014,155,225
0308,2,1210,155,180
0308,3,1401,155,206
0309,0,839,155,236
0309,1,1020,155,244
0309,2,1214,155,274
0309,3,1402,155,734
0310,0,806,160,235
0310,1,1034,160,204
0310,2,1223,160,296
0310,3,1416,160,265
0311,0,836,160,250
0311,1,1018,160,233
0311,2,1213,160,255
0311,3,1424,160,312
0312,0,802,160,217
0312,1,1031,160,187
0312,2,1221,160,178
0312,3,1409,160,129
0312,4,1622,160,267
0313,0,834,160,197
0313,1,1016,160,231
0313,2,1212,160,200
0313,3,1421,160,262
0314,0,830,160,252
0314,1,1052,160,231
0314,2,1210,160,286
0314,3,1421,160,442
0315,0,812,160,233
0315,1,1038,160,198
0315,2,1226,160,278
0315,3,1416,160,380
0315,4,1606,160,167
0316,0,841,160,204
0316,1,1022,160,186
0316,2,1215,160,243
0316,3,1402,160,263
0316,4,1639,160,290
0317,0,831,160,249
0317,1,1014,160,223
0317,2,1211,160,277
0317,3,1424,160,305
0317,4,1619,160,179
0318,0,830,160,234
0318,1,1012,160,241
0318,2,1210,160,192
0318,3,1401,160,220
0319,0,807,160,208
0319,1,1035,160,187
0319,2,1224,160,196
0319,3,1409,160,211
0319,4,1601,160,262
0320,0,827,165,248
0320,1,1010,165,248
0320,2,1208,165,210
0320,3,1424,165,198
0321,0,819,165,235
0321,1,1004,165,256
0321,2,1204,165,199
0321,3,1415,165,166
0322,0,826,165,264
0322,1,1009,165,253
0322,2,1208,165,268
0322,3,1406,165,325
0323,0,807,165,234
0323,1,1035,165,216
0323,2,1224,165,250
0323,3,1416,165,281
0324,0,846,165,271
0324,1,1025,165,218
0324,2,1218,165,269
0324,3,1402,165,263
0324,4,1628,165,167
0325,0,810,165,271
0325,1,1037,165,255
0325,2,1225,165,204
0325,3,1409,165,224
0326,0,832,165,257
0326,1,1014,165,210
0326,2,1211,165,198
0326,3,1424,165,179
0327,0,816,165,257
0327,1,1001,165,217
0327,2,1203,165,182
0327,3,1416,165,216
0328,0,850,165,234
0328,1,1028,165,252
0328,2,1220,165,299
0328,3,1409,165,152
0329,0,834,165,273
0329,1,1016,165,194
0329,2,1236,165,250
0329,3,1405,165,242
0330,0,813,170,226
0330,1,1039,170,222
0330,2,1201,170,241
0330,3,1413,170,193
0331,0,822,170,228
0331,1,1006,170,239
0331,2,1206,170,191
0331,3,1415,170,357
0332,0,820,170,251
0332,1,1005,170,188
0332,2,1229,170,231
0332,3,1404,170,234
0333,0,801,170,242
0333,1,1030,170,190
0333,2,1220,170,253
0333,3,1413,170,659
0334,0,836,170,232
0334,1,1017,170,280
0334,2,1213,170,314
0335,0,826,170,310
0335,1,1010,170,253
0335,2,1208,170,174
0335,3,1421,170,254
0336,0,825,170,227
0336,1,1009,170,261
0336,2,1208,170,234
0336,3,1414,170,234
0337,0,841,170,237
0337,1,1021,170,252
0337,2,1239,170,319
0337,3,1411,170,284
0338,0,827,170,229
0338,1,1011,170,205
0338,2,1233,170,177
0338,3,1420,170,269
0339,0,814,170,245
0339,1,1040,170,291
0339,2,1202,170,292
0339,3,1416,170,162
0339,4,1605,170,200
0340,0,850,175,229
0340,1,1029,175,214
0340,2,1220,175,412
0340,3,1412,175,202
0341,0,801,175,223
0341,1,1030,175,241
0341,2,1221,175,260
0341,3,1411,175,225
0342,0,812,175,241
0342,1,1039,175,226
0342,2,1201,175,276
0342,3,1421,175,248
0343,0,814,175,207
0343,1,1040,175,227
0343,2,1202,175,293
0343,3,1416,175,628
0343,4,1610,175,264
0344,0,833,175,230
0344,1,1015,175,217
0344,2,1211,175,174
0344,3,1424,175,168
0345,0,841,175,217
0345,1,1022,175,276
0345,2,1215,175,283
0345,3,1402,175,208
0346,0,807,175,239
0346,1,1034,175,221
0346,2,1223,175,261
0346,3,1404,175,199
0347,0,838,175,227
0347,1,1019,175,237
0347,2,1214,175,304
0347,3,1402,175,426
0348,0,810,175,210
0348,1,1075,175,426
0348,2,1225,175,345
0348,3,1409,175,239
0349,0,829,175,245
0349,1,1012,175,232
0349,2,1222,175,214
0349,3,1409,175,230
0350,0,848,180,200
0350,1,1027,180,246
0350,2,1219,180,260
0350,3,1435,180,204
0351,0,827,180,203
0351,1,1011,180,202
0351,2,1209,180,257
0351,3,1424,180,165
0351,4,1635,180,200
0352,0,822,180,166
0352,1,1006,180,190
0352,2,1206,180,241
0352,3,1432,180,450
0353,0,813,180,173
0353,1,1039,180,208
0353,2,1201,180,610
0353,3,1448,180,309
0354,0,801,180,152
0354,1,1030,180,809
0354,2,1286,180,301
0354,3,1418,180,204
0355,0,840,180,188
0355,1,1059,180,184
0355,2,1215,180,151
0355,3,1402,180,206
0356,0,840,180,240
0356,1,1021,180,233
0356,2,1215,180,235
0356,3,1402,180,216
0357,0,828,180,213
0357,1,1011,180,170
0357,2,1209,180,175
0357,3,1424,180,192
0358,0,845,180,235
0358,1,1025,180,180
0358,2,1217,180,282
0358,3,1402,180,237
0358,4,1610,180,201
0359,0,806,180,183
0359,1,1034,180,158
0359,2,1223,180,222
0359,3,1440,180,269
0359,4,1601,180,146
0360,0,849,185,247
0360,1,1027,185,252
0360,2,1219,185,245
0360,3,1412,185,249
0361,0,819,185,257
0361,1,1004,185,216
0361,2,1229,185,322
0361,3,1435,185,243
0362,0,843,185,229
0362,1,1023,185,203
0362,2,1216,185,205
0362,3,1402,185,184
0362,4,1628,185,220
0363,0,849,185,196
0363,1,1028,185,180
0363,2,1219,185,147
0363,3,1405,185,221
0364,0,821,185,203
0364,1,1005,185,288
0364,2,1230,185,335
0364,3,1439,185,191
0365,0,828,185,230
0365,1,1011,185,215
0365,2,1209,185,166
0365,3,1424,185,161
0365,4,1619,185,153
0366,0,810,185,206
0366,1,1037,185,249
0366,2,1225,185,262
0366,3,1440,185,257
0366,4,1609,185,245
0367,0,839,185,185
0367,1,1020,185,214
0367,2,1215,185,223
0367,3,1410,185,274
0368,0,807,185,240
0368,1,1035,185,206
0368,2,1223,185,243
0368,3,1416,185,278
0369,0,831,185,215
0369,1,1014,185,310
0369,2,1234,185,451
0369,3,1445,185,255
0370,0,809,190,229
0370,1,1036,190,238
0370,2,1224,190,212
0370,3,1409,190,195
0371,0,817,190,212
0371,1,1002,190,187
0371,2,1203,190,140
0371,3,1416,190,262
0371,4,1616,190,212
0372,0,846,190,222
0372,1,1026,190,218
0372,2,1241,190,160
0372,3,1403,190,1111
0373,0,835,190,252
0373,1,1017,190,207
0373,2,1213,190,174
0373,3,1424,190,359
0373,4,1635,190,214
0374,0,851,190,222
0374,1,1067,190,173
0374,2,1220,190,244
0374,3,1421,190,316
0375,0,838,190,183
0375,1,1058,190,195
0375,2,1237,190,218
0375,3,1402,190,331
0376,0,842,190,223
0376,1,1022,190,372
0376,2,1216,190,314
0376,3,1402,190,170
0376,4,1601,190,225
0377,0,833,190,204
0377,1,1015,190,193
0377,2,1211,190,168
0377,3,1422,190,229
0378,0,808,190,216
0378,1,1035,190,222
0378,2,1224,190,217
0378,3,1409,190,165
0378,4,1616,190,260
0379,0,824,190,184
0379,1,1008,190,225
0379,2,1207,190,379
0379,3,1424,190,248
0380,0,874,195,205
0380,1,1008,195,208
0380,2,1207,195,228
0380,3,1412,195,232
0381,0,845,195,207
0381,1,1025,195,245
0381,2,1217,195,231
0381,3,1402,195,225
0381,4,1628,195,243
0382,0,827,195,163
0382,1,1010,195,156
0382,2,1208,195,140
0382,3,1423,195,232
0383,0,837,195,231
0383,1,1018,195,207
0383,2,1213,195,227
0383,3,1402,195,196
0384,0,871,195,252
0384,1,1006,195,223
0384,2,1205,195,225
0384,3,1426,195,224
0385,0,848,195,206
0385,1,1027,195,212
0385,2,1219,195,273
0385,3,1402,195,260
0385,4,1613,195,240
0386,0,851,195,205
0386,1,1030,195,191
0386,2,1220,195,252
0386,3,1409,195,213
0387,0,826,195,215
0387,1,1049,195,276
0387,2,1232,195,302
0388,0,865,195,248
0388,1,1040,195,251
0388,2,1202,195,292
0388,3,1413,195,275
0389,0,845,195,215
0389,1,1063,195,182
0389,2,1217,195,220
0389,3,1431,195,434
0389,4,1628,195,378
0390,0,884,200,206
0390,1,1016,200,183
0390,2,1224,200,259
0390,3,1419,200,224
0391,0,828,200,199
0391,1,1011,200,260
0391,2,1209,200,467
0391,3,1424,200,247
0391,4,1609,200,226
0392,0,832,200,169
0392,1,1014,200,150
0392,2,1211,200,494
0392,3,1408,200,166
0393,0,845,200,183
0393,1,1025,200,171
0393,2,1217,200,193
0393,3,1408,200,236
0394,0,864,200,196
0394,1,1040,200,270
0394,2,1226,200,294
0395,0,805,200,222
0395,1,1033,200,261
0395,2,1223,200,232
0395,3,1412,200,212
0396,0,844,200,204
0396,1,1024,200,224
0396,2,1217,200,218
0396,3,1408,200,216
0397,0,849,200,175
0397,1,1028,200,228
0397,2,1219,200,185
0397,3,1409,200,1494
0397,4,1658,200,149
0398,0,849,200,226
0398,1,1028,200,208
0398,2,1219,200,201
0398,3,1407,200,191
0399,0,870,200,215
0399,1,1005,200,236
0399,2,1230,200,247
0399,3,1416,200,162
0399,4,1629,200,218
0400,0,873,205,183
0400,1,1047,205,167
0400,2,1206,205,1637
0400,3,1416,205,153
0400,4,1610,205,222
0401,0,842,205,223
0401,1,1022,205,300
0401,2,1216,205,521
0401,3,1430,205,259
0402,0,851,205,195
0402,1,1029,205,197
0402,2,1220,205,216
0402,3,1419,205,486
0403,0,819,205,201
0403,1,1004,205,163
0403,2,1204,205,247
0403,3,1416,205,235
0403,4,1610,205,194
0404,0,827,205,189
0404,1,1010,205,211
0404,2,1208,205,250
0405,0,840,205,207
0405,1,1060,205,189
0405,2,1215,205,164
0405,3,1431,205,170
0406,0,894,205,232
0406,1,1025,205,215
0406,2,1218,205,220
0406,3,1402,205,188
0406,4,1609,205,229
0407,0,825,205,227
0407,1,1048,205,273
0407,2,1207,205,293
0407,3,1424,205,135
0407,4,1619,205,231
0408,0,849,205,206
0408,1,1028,205,196
0408,2,1219,205,199
0408,3,1431,205,300
0409,0,848,205,216
0409,1,1027,205,278
0409,2,1219,205,216
0409,3,1402,205,130
0410,0,833,210,243
0410,1,1015,210,318
0410,2,1211,210,360
0410,3,1424,210,232
0410,4,1619,210,428
0411,0,839,210,226
0411,1,1020,210,320
0411,2,1214,210,295
0411,3,1402,210,203
0411,4,1617,210,232
0412,0,845,210,205
0412,1,1024,210,292
0412,2,1217,210,890
0412,3,1402,210,128
0412,4,1628,210,180
0413,0,850,210,223
0413,1,1028,210,255
0413,2,1242,210,224
0413,3,1438,210,216
0414,0,866,210,192
0414,1,1002,210,297
0414,2,1228,210,402
0414,3,1416,210,227
0414,4,1645,210,242
0415,0,850,210,183
0415,1,1029,210,240
0415,2,1220,210,321
0415,3,1427,210,305
0416,0,822,210,178
0416,1,1006,210,183
0416,2,1230,210,255
0416,3,1416,210,369
0416,4,1610,210,728
0417,0,868,210,205
0417,1,1003,210,255
0417,2,1204,210,268
0418,0,807,210,209
0418,1,1035,210,391
0418,2,1223,210,343
0418,3,1432,210,194
0419,0,818,210,240
0419,1,1003,210,241
0419,2,1204,210,588
0420,0,960,215,241
0420,1,1003,215,239
0420,2,1204,215,272
0421,0,809,215,217
0421,1,1036,215,319
0421,2,1224,215,457
0421,3,1427,215,159
0422,0,810,215,217
0422,1,1037,215,273
0422,2,1247,215,277
0422,3,1409,215,242
0422,4,1604,215,204
0423,0,820,215,225
0423,1,1004,215,293
0423,2,1205,215,239
0423,3,1416,215,210
0424,0,842,215,195
0424,1,1022,215,269
0424,2,1216,215,491
0424,3,1402,215,260
0424,4,1610,215,220
0425,0,808,215,181
0425,1,1036,215,346
0425,2,1224,215,514
0425,3,1406,215,254
0426,0,803,215,236
0426,1,1031,215,208
0426,2,1221,215,241
0426,3,1424,215,313
0427,0,801,215,201
0427,1,1030,215,162
0427,2,1221,215,250
0427,3,1409,215,219
0427,4,1601,215,193
0428,0,867,215,230
0428,1,1002,215,310
0428,2,1228,215,427
0428,3,1416,215,213
0428,4,1610,215,240
0429,0,814,215,204
0429,1,1040,215,303
0429,2,1202,215,471
0429,3,1416,215,468
0429,4,1628,215,302
0430,0,848,220,208
0430,1,1027,220,268
0430,2,1242,220,284
0431,0,824,220,203
0431,1,1008,220,357
0431,2,1207,220,578
0431,3,1401,220,275
0432,0,850,220,192
0432,1,1028,220,227
0432,2,1242,220,478
0432,3,1402,220,334
0433,0,854,220,208
0433,1,1031,220,517
0433,2,1244,220,344
0433,3,1409,220,566
0433,4,1601,220,448
0434,0,841,220,170
0434,1,1021,220,209
0434,2,1239,220,387
0434,3,1430,220,546
0435,0,847,220,194
0435,1,1026,220,186
0435,2,1241,220,229
0435,3,1418,220,227
0436,0,851,220,191
0436,1,1030,220,239
0436,2,1220,220,278
0437,0,812,220,240
0437,1,1076,220,209
0437,2,1201,220,360
0437,3,1423,220,216
0438,0,843,220,200
0438,1,1023,220,199
0438,2,1216,220,215
0438,3,1431,220,155
0438,4,1627,220,297
0439,0,894,220,184
0439,1,1063,220,198
0439,2,1217,220,199
0439,3,1425,220,222
0440,0,809,225,215
0440,1,1074,225,214
0440,2,1224,225,299
0440,3,1419,225,505
0441,0,839,225,164
0441,1,1020,225,289
0441,2,1214,225,494
0441,3,1402,225,3652
0442,0,841,225,217
0442,1,1021,225,228
0442,2,1215,225,305
0442,3,1421,225,279
0443,0,834,225,185
0443,1,1016,225,263
0443,2,1212,225,232
0443,3,1424,225,454
0443,4,1619,225,267
0444,0,842,225,213
0444,1,1022,225,221
0444,2,1216,225,218
0444,3,1403,225,229
0445,0,850,225,234
0445,1,1028,225,379
0445,2,1242,225,276
0445,3,1416,225,332
0446,0,816,225,220
0446,1,1002,225,226
0446,2,1203,225,306
0446,3,1448,225,546
0446,4,1610,225,633
0447,0,809,225,214
0447,1,1036,225,272
0447,2,1224,225,378
0447,3,1406,225,280
0448,0,827,225,201
0448,1,1010,225,227
0448,2,1208,225,363
0448,3,1457,225,805
0448,4,1608,225,492
0449,0,867,225,208
0449,1,1042,225,255
0449,2,1203,225,610
0449,3,1416,225,379
0450,0,867,230,216
0450,1,1002,230,242
0450,2,1203,230,283
0450,3,1422,230,261
0451,0,835,230,212
0451,1,1017,230,234
0451,2,1212,230,233
0451,3,1457,230,396
0451,4,1619,230,569
0452,0,814,230,191
0452,1,1078,230,397
0452,2,1202,230,346
0452,3,1409,230,420
0453,0,811,230,238
0453,1,1038,230,238
0453,2,1225,230,208
0453,3,1403,230,304
0454,0,874,230,293
0454,1,1048,230,735
0454,2,1207,230,375
0454,3,1423,230,205
0455,0,808,230,197
0455,1,1036,230,241
0455,2,1224,230,604
0455,3,1409,230,450
0455,4,1623,230,206
0456,0,812,230,218
0456,1,1039,230,247
0456,2,1201,230,259
0456,3,1401,230,276
0457,0,833,230,232
0457,1,1054,230,219
0457,2,1211,230,196
0457,3,1423,230,148
0458,0,891,230,219
0458,1,1022,230,281
0458,2,1239,230,903
0458,3,1402,230,245
0458,4,1607,230,196
0459,0,839,230,186
0459,1,1020,230,275
0459,2,1214,230,600
0459,3,1402,230,874
0459,4,1609,230,1137
0460,0,836,235,194
0460,1,1018,235,406
0460,2,1213,235,326
0460,3,1422,235,252
0461,0,808,235,181
0461,1,1036,235,292
0461,2,1246,235,165
0461,3,1409,235,175
0462,0,819,235,198
0462,1,1044,235,208
0462,2,1204,235,242
0462,3,1416,235,692
0462,4,1643,235,331
0463,0,830,235,195
0463,1,1013,235,246
0463,2,1210,235,426
0463,3,1424,235,421
0464,0,836,235,237
0464,1,1018,235,235
0464,2,1237,235,186
0464,3,1422,235,286
0465,0,801,235,204
0465,1,1069,235,342
0465,2,1244,235,237
0465,3,1411,235,360
0466,0,841,235,209
0466,1,1021,235,348
0466,2,1215,235,305
0466,3,1402,235,151
0466,4,1628,235,1150
0467,0,880,235,227
0467,1,1013,235,431
0467,2,1210,235,411
0467,3,1419,235,234
0468,0,836,235,223
0468,1,1017,235,231
0468,2,1236,235,284
0468,3,1422,235,289
0469,0,850,235,253
0469,1,1029,235,218
0469,2,1220,235,237
0469,3,1405,235,200
0470,0,842,240,261
0470,1,1022,240,336
0470,2,1239,240,411
0470,3,1402,240,1161
0471,0,897,240,245
0471,1,1027,240,267
0471,2,1219,240,255
0471,3,1430,240,262
0472,0,861,240,243
0472,1,1038,240,218
0472,2,1225,240,376
0472,3,1403,240,220
0473,0,822,240,195
0473,1,1006,240,191
0473,2,1206,240,195
0473,3,1408,240,189
0474,0,820,240,209
0474,1,1005,240,169
0474,2,1205,240,350
0474,3,1412,240,121
0475,0,839,240,181
0475,1,1020,240,374
0475,2,1238,240,653
0475,3,1431,240,953
0476,0,840,240,191
0476,1,1021,240,218
0476,2,1215,240,258
0476,3,1413,240,224
0477,0,830,240,183
0477,1,1052,240,248
0477,2,1234,240,271
0478,0,810,240,219
0478,1,1075,240,202
0478,2,1225,240,244
0478,3,1404,240,247
0479,0,837,240,206
0479,1,1018,240,259
0479,2,1213,240,246
0479,3,1402,240,212
0479,4,1660,240,138
0480,0,895,245,226
0480,1,1026,245,387
0480,2,1218,245,256
0480,3,1436,245,207
0481,0,871,245,179
0481,1,1006,245,187
0481,2,1205,245,278
0481,3,1445,245,698
0482,0,823,245,238
0482,1,1007,245,293
0482,2,1206,245,261
0482,3,1429,245,273
0483,0,817,245,223
0483,1,1002,245,448
0483,2,1228,245,939
0483,3,1416,245,2402
0483,4,1610,245,4208
0484,0,818,245,221
0484,1,1003,245,277
0484,2,1204,245,270
0484,3,1408,245,540
0485,0,829,245,189
0485,1,1012,245,254
0485,2,1209,245,292
0486,0,810,245,199
0486,1,1075,245,434
0486,2,1247,245,546
0486,3,1404,245,213
0487,0,887,245,219
0487,1,1019,245,199
0487,2,1214,245,278
0487,3,1406,245,874
0488,0,832,245,226
0488,1,1014,245,178
0488,2,1211,245,202
0488,3,1429,245,228
0489,0,864,245,193
0489,1,1040,245,241
0489,2,1202,245,228
0489,3,1425,245,200
0490,0,811,250,198
0490,1,1075,250,256
0490,2,1225,250,279
0491,0,819,250,214
0491,1,1004,250,284
0491,2,1204,250,345
0491,3,1412,250,287
0492,0,817,250,215
0492,1,1002,250,381
0492,2,1204,250,385
0492,3,1416,250,477
0492,4,1610,250,251
0493,0,824,250,195
0493,1,1008,250,215
0493,2,1207,250,214
0493,3,1423,250,212
0494,0,818,250,176
0494,1,1003,250,190
0494,2,1228,250,217
0494,3,1404,250,218
0495,0,804,250,200
0495,1,1033,250,327
0495,2,1222,250,1209
0495,3,1409,250,165
0495,4,1617,250,282
0496,0,824,250,203
0496,1,1008,250,289
0496,2,1207,250,291
0496,3,1416,250,187
0496,4,1613,250,206
0497,0,892,250,272
0497,1,1023,250,287
0497,2,1217,250,296
0497,3,1401,250,252
0498,0,833,250,264
0498,1,1015,250,466
0498,2,1211,250,564
0498,3,1424,250,215
0498,4,1652,250,195
0499,0,821,250,215
0499,1,1005,250,267
0499,2,1205,250,307
